Before;PM;After;Category;AOC/en/multi/NoSpec/1/Average;AOC/en/multi/NoSpec/2/Average;AOC/en/multi/NoSpec/3/Average;AOC/en/multi/NoSpec/4/Average;AOC/en/multi/NoSpec/5/Average;AOC/en/multi/NoSpec/6/Average;AOC/en/multi/NoSpec/7/Average;AOC/en/multi/NoSpec/8/Average;AOC/en/multi/NoSpec/9/Average;AOC/en/multi/NoSpec/10/Average;AOC/en/multi/NoSpec/11/Average;AOC/en/multi/NoSpec/12/Average;AOC/en/multi/NoSpec/0/First;AOC/en/multi/NoSpec/1/First;AOC/en/multi/NoSpec/2/First;AOC/en/multi/NoSpec/3/First;AOC/en/multi/NoSpec/4/First;AOC/en/multi/NoSpec/5/First;AOC/en/multi/NoSpec/0/Last;AOC/en/multi/NoSpec/1/Last;AOC/en/multi/NoSpec/2/Last;AOC/en/multi/NoSpec/3/Last;AOC/en/multi/NoSpec/4/Last;AOC/en/multi/NoSpec/5/Last;AOC/en/multi/NoSpec/0/Unique;AOC/en/multi/NoSpec/1/Unique;AOC/en/multi/NoSpec/2/Unique;AOC/en/multi/NoSpec/3/Unique;AOC/en/multi/NoSpec/4/Unique;AOC/en/multi/NoSpec/5/Unique;AOC/en/multi/NoSpec/6/Unique;AOC/en/multi/NoSpec/7/Unique;AOC/en/multi/NoSpec/8/Unique;AOC/en/multi/NoSpec/9/Unique;AOC/en/multi/NoSpec/10/Unique;AOC/en/multi/NoSpec/11/Unique;AOC/en/multi/NoSpec/12/Unique;AOC/en/multi/All/1/Average;AOC/en/multi/All/2/Average;AOC/en/multi/All/3/Average;AOC/en/multi/All/4/Average;AOC/en/multi/All/5/Average
So I;want;to first of all in presenting this report to remind you of the importance of that link and for us to encourage its development.;basic;so;and;and;and;and;and;and;and;and;and;and;and;and;and;and;and;and;and;and;and;and;and;and;and;so;and;and;and;and;and;and;and;and;and;and;and;and;so;so;so;so;so
Okay ,;so;I 'm basically at school .;discourse;;;;;;;;;;;;;;;;;;;;;;;;;;;;;;;;;;;;;;and;and;and;and;and
It has never happened , not in Shakespeare's time , not in the Greeks' time , not in Chekhov's time , Ibsen's time , and;certainly;not in Britain today , and not in Sweden , not anywhere where there is a going theater .;commentary;anyway;anyway;anyway;anyway;anyway;anyway;anyway;anyway;anyway;anyway;anyway;anyway;anyway;anyway;anyway;anyway;anyway;anyway;anyway;anyway;anyway;anyway;anyway;anyway;anyway;anyway;anyway;anyway;anyway;anyway;anyway;anyway;anyway;anyway;anyway;anyway;anyway;now;now;now;certainly;certainly
And I ;think;I 'm gonna get it right here .;basic;and;and;and;and;and;and;and;and;and;and;and;and;and;and;and;and;and;and;and;and;and;and;and;and;and;and;and;and;and;and;and;and;and;and;and;and;and;and;and;and;and;and
And a ... they stored all different types of things here , like sugar and coffee , ER steel , wool;and;things like that .;discourse;anyway;anyway;anyway;anyway;anyway;anyway;anyway;anyway;anyway;anyway;anyway;anyway;anyway;anyway;anyway;anyway;anyway;anyway;anyway;anyway;anyway;anyway;anyway;anyway;anyway;anyway;anyway;anyway;anyway;anyway;anyway;anyway;anyway;anyway;anyway;anyway;anyway;want;want;now;now;now
And ER;admittedly;it 's not necessarily the best way to do it;basic;and;and;and;and;and;and;and;and;and;and;and;and;and;and;and;and;and;and;and;and;and;and;and;and;and;and;and;and;and;and;and;and;and;and;and;and;and;and;and;and;and;and
yeah you can go;ok;watch her actually because er she went right back up on these bloody chairs this afternoon I mean she really cried oh course I mean she oh when Catherine come in I mean she'd not long done it then she nodded off to sleep I said oh they always say you should try I mean I.;parallel;anyway;anyway;anyway;anyway;anyway;anyway;anyway;anyway;anyway;anyway;anyway;anyway;anyway;anyway;anyway;anyway;anyway;anyway;anyway;anyway;anyway;anyway;anyway;anyway;anyway;anyway;anyway;anyway;anyway;anyway;anyway;anyway;anyway;anyway;anyway;anyway;anyway;want;now;now;now;now
And she was very worried and kept on crying down the phone and saying;now;I know what you went through with Gerry I said oh come you know.;parallel;anyway;anyway;anyway;anyway;anyway;anyway;anyway;anyway;anyway;anyway;anyway;anyway;anyway;anyway;anyway;anyway;anyway;anyway;anyway;anyway;anyway;anyway;anyway;anyway;anyway;anyway;anyway;anyway;anyway;anyway;and;anyway;anyway;anyway;anyway;anyway;anyway;now;now;now;now;now
And I ;think;I wanna get it , like , behind my arm right here , kind of above the elbow .;basic;and;and;and;and;and;and;and;and;and;and;and;and;and;and;and;and;and;and;and;and;and;and;and;and;and;and;and;and;and;and;and;and;and;and;and;and;and;and;and;and;and;and
Mmm;ok;, let 's continue .;parallel;;;;;;;;;;;;;;;;;;;;;;;;;;;;;;;;;;;;;;and;and;and;and;and
And I believe;frankly;that after the election , they should put together a bi-partisan committee who is going to see where are the next break-throughs coming from .;commentary;and;and;and;and;and;and;and;and;and;and;and;and;and;and;and;and;and;and;and;and;and;and;and;and;and;and;and;and;and;and;and;and;and;and;and;and;and;now;now;now;now;now
Read that red car over there the number plate;please;the number plate.;basic;and;and;and;and;and;and;and;and;and;and;and;anyway;and;and;and;and;and;anyway;admittedly;anyway;anyway;admittedly;anyway;anyway;and;and;and;anyway;and;and;and;and;anyway;anyway;admittedly;admittedly;and;and;anyway;anyway;anyway;anyway
And she said;well;I'm very sorry she said but your adjudicator's so rude and the way he described himself he should.;parallel;and;and;and;and;and;and;and;and;and;and;and;and;and;and;and;and;and;and;anyway;and;and;and;and;and;and;and;and;and;and;and;and;and;and;and;anyway;anyway;and;now;now;now;now;certainly
Colin phoned him up and er it it he mentioned how he was starting up and he said he might be interested;anyway;Colin phoned him a couple of weeks ago to see if he was still interested in.;discourse;anyway;anyway;anyway;anyway;anyway;anyway;anyway;anyway;anyway;anyway;anyway;anyway;anyway;anyway;anyway;anyway;anyway;anyway;anyway;anyway;anyway;anyway;anyway;anyway;anyway;anyway;anyway;anyway;anyway;anyway;anyway;anyway;anyway;anyway;anyway;anyway;anyway;now;now;now;now;certainly
And I ;think;the people are , again , going to realize this , that there is ER ... this is a very serious issue and ... when you take a person's life .;basic;and;and;and;and;and;and;and;and;and;and;and;and;and;and;and;and;and;and;and;and;and;and;and;and;and;and;and;and;and;and;and;and;and;and;and;and;and;and;and;and;and;and
And Kelly was, like, paranoid and saying... I said 'Dad , get off the bus. Go home. You 're drunk.;Please;leave her alone.' , bla bla bla .;basic;and;and;and;anyway;anyway;anyway;anyway;anyway;anyway;anyway;anyway;anyway;and;anyway;anyway;anyway;anyway;anyway;anyway;anyway;anyway;anyway;anyway;anyway;and;and;anyway;anyway;anyway;anyway;and;anyway;promised;anyway;promised;promised;anyway;want;now;now;now;now
And it 's not , you know , the ... it 's not a three hundred year story ,;although;the ... the three hundred years has had an impact .;discourse;and;and;and;and;and;and;and;and;and;anyway;anyway;anyway;and;and;and;and;anyway;anyway;admittedly;admittedly;admittedly;admittedly;admittedly;anyway;and;and;and;anyway;anyway;and;and;admittedly;admittedly;admittedly;admittedly;admittedly;admittedly;now;certainly;certainly;certainly;certainly
And I ;think;it 's just more personal and everything , that , than just reading instagram comments .;basic;and;and;and;and;and;and;and;and;and;and;and;and;and;and;and;and;and;and;and;and;and;and;and;and;and;and;and;and;and;and;and;and;and;and;and;and;and;and;and;and;and;and
And it 's ... it 's really amazing what kids can come up with to amuse themselves at these ages when you just say , ';ok;, z ... we 're done and we 're not gonna use that anymore . ' ;parallel;and;and;anyway;anyway;anyway;anyway;anyway;anyway;anyway;anyway;anyway;anyway;anyway;anyway;anyway;anyway;anyway;anyway;anyway;anyway;anyway;anyway;anyway;anyway;and;and;anyway;anyway;anyway;anyway;anyway;anyway;anyway;anyway;anyway;anyway;anyway;now;now;now;now;now
ER the measurements made;however;in the eighteen nineties and even the measurements made in the nineteen ... in the ER early nineteen ... in ... in the nineteen thirties , early nineteen forties , were not very accurate .;discourse;and;and;and;and;and;and;and;and;and;and;and;and;and;and;and;and;and;and;and;and;and;and;and;and;and;and;and;and;and;and;and;and;promised;and;and;promised;and;now;and;and;and;and
Rather;oddly;there are two or possibly even three Morris Minor centres who parts that's in Bath they're they've seemed to have concentrated in Bath.;commentary;anyway;anyway;anyway;anyway;admittedly;admittedly;admittedly;admittedly;admittedly;admittedly;admittedly;admittedly;anyway;admittedly;admittedly;admittedly;admittedly;admittedly;anyway;anyway;admittedly;admittedly;admittedly;admittedly;anyway;anyway;admittedly;admittedly;admittedly;admittedly;admittedly;admittedly;admittedly;anyway;anyway;admittedly;anyway;certainly;certainly;anyway;anyway;admittedly
And;fortunately;I had a really great classicist that I worked with .;commentary;and;and;and;and;and;and;and;and;and;and;and;and;and;and;and;and;and;and;and;and;and;and;and;and;and;and;and;and;and;and;and;and;and;and;and;and;and;and;and;and;and;and
You told me Stevie was coming round once before;so;I got all these water bombs water bombs ready for them and they came round they weren't there.;discourse;anyway;anyway;anyway;anyway;anyway;anyway;anyway;anyway;anyway;anyway;anyway;anyway;anyway;anyway;anyway;anyway;anyway;anyway;anyway;anyway;anyway;anyway;anyway;anyway;anyway;anyway;anyway;anyway;anyway;anyway;anyway;anyway;anyway;anyway;anyway;anyway;anyway;now;now;now;now;now
I mean I I went in there yesterday I think it was or this morning er m he put wet shirts into the wardrobe;admittedly;with the doors open but that bedroom is not a bedroom that I like to get any damp ness in at all Brenda.;basic;anyway;anyway;anyway;anyway;anyway;anyway;anyway;anyway;anyway;anyway;anyway;anyway;anyway;anyway;anyway;anyway;anyway;anyway;anyway;anyway;anyway;anyway;anyway;anyway;anyway;anyway;anyway;anyway;anyway;anyway;and;anyway;anyway;anyway;anyway;anyway;anyway;want;want;want;anyway;anyway
So the rain that is still to come here ...;well;, you know , it 's more than you get caught in those heavier down-pours .;parallel;anyway;anyway;anyway;anyway;anyway;anyway;anyway;anyway;anyway;anyway;anyway;anyway;anyway;anyway;anyway;anyway;anyway;anyway;anyway;anyway;anyway;anyway;anyway;anyway;anyway;anyway;anyway;anyway;anyway;anyway;anyway;anyway;anyway;anyway;anyway;anyway;anyway;now;now;now;now;now
And I got my ohoh would I I couldn't wait to get my receipt back you know;anyway;I got my receipt back as well.;discourse;anyway;anyway;anyway;anyway;anyway;anyway;anyway;anyway;anyway;anyway;anyway;anyway;anyway;anyway;anyway;anyway;anyway;anyway;anyway;anyway;anyway;anyway;anyway;anyway;anyway;anyway;anyway;anyway;anyway;anyway;anyway;anyway;anyway;anyway;anyway;anyway;anyway;want;want;want;now;now
Nor can you take an extremely hot year;and;say , ' Whoa , we 're cooking . This is th ... this is what it 's gonna be like from here on out . ' , hey ?;discourse;anyway;anyway;anyway;anyway;anyway;anyway;anyway;anyway;anyway;anyway;anyway;anyway;anyway;anyway;anyway;anyway;anyway;anyway;anyway;anyway;anyway;anyway;anyway;anyway;anyway;anyway;anyway;anyway;anyway;anyway;anyway;anyway;anyway;anyway;anyway;anyway;anyway;now;now;certainly;certainly;certainly
So that 's why I thought it would be a good idea to do a drive with me;so;I could , like , talk to someone , even though I 'm , like , basically talking to myself .;discourse;anyway;anyway;anyway;anyway;anyway;anyway;anyway;anyway;anyway;anyway;anyway;anyway;anyway;anyway;anyway;anyway;anyway;anyway;anyway;anyway;anyway;anyway;anyway;anyway;anyway;anyway;anyway;anyway;anyway;anyway;anyway;anyway;anyway;anyway;anyway;anyway;anyway;want;want;want;want;want
Okay ,;anyway;, I try to have my Sunday routine be comprised of at least some of these things .;discourse;;;;;;;;;;;;;;;;;;;;;;;;;;;;;;;;;;;;;;anyway;anyway;anyway;anyway;anyway
Yes dropped by a certain clumsy person around this house;unfortunately;we've had a lot of break ages.;commentary;anyway;anyway;and;anyway;anyway;anyway;anyway;anyway;anyway;anyway;anyway;anyway;and;anyway;anyway;anyway;anyway;anyway;admittedly;anyway;anyway;anyway;anyway;anyway;anyway;and;anyway;anyway;anyway;anyway;admittedly;anyway;anyway;anyway;anyway;admittedly;anyway;want;anyway;anyway;anyway;anyway
get the bus and I thought oh er so;luckily;Lisa sa like they said oh don't be silly we'll come and get you.;commentary;and;and;and;and;and;and;and;and;and;and;and;and;and;and;and;and;and;and;anyway;anyway;anyway;anyway;and;and;and;and;and;anyway;and;and;and;and;anyway;anyway;anyway;anyway;anyway;want;now;now;now;now
The other ER kind of ocean is an ocean covered with a copper plate , e ... in other words an ocean with infinite heat capacity ,;so;that ... that the temperature of the ocean can not change no matter what happens to the atmosphere .;discourse;and;and;and;and;and;and;and;and;and;and;and;and;and;and;and;and;and;and;anyway;anyway;anyway;anyway;anyway;and;and;and;and;anyway;and;and;and;and;anyway;anyway;anyway;admittedly;anyway;want;now;anyway;anyway;anyway
Er I know who would but then;unfortunately;I think I've thrown their stuff away.;commentary;anyway;and;and;and;anyway;anyway;anyway;anyway;anyway;anyway;anyway;anyway;and;anyway;anyway;anyway;anyway;anyway;anyway;anyway;anyway;anyway;anyway;anyway;anyway;and;and;anyway;anyway;anyway;and;anyway;anyway;anyway;anyway;anyway;anyway;now;now;now;now;now
If this drive with me video goes well and , like , if you guys like it , ER I 'm gonna figure out a way to get my , like , vlog camera to be mounted on my car;so;ER I could , like , play music as well .;discourse;anyway;and;and;anyway;anyway;anyway;anyway;anyway;anyway;anyway;anyway;anyway;and;anyway;anyway;anyway;anyway;anyway;anyway;anyway;anyway;anyway;anyway;anyway;anyway;and;anyway;anyway;anyway;anyway;and;anyway;anyway;anyway;anyway;anyway;anyway;want;want;want;want;want
Er m so what I;promised;to do in er er a moment or two if people are to ask specific questions or comments to make arising from either of those printed reports on page six and page twenty er m if you would make your point or ask your question now er it will be recorded and transmitted to the officers responsible and they will take any necessary action or give any rev erent replies to those questions.;basic;anyway;and;and;and;and;and;and;and;and;and;and;and;and;and;and;and;and;and;anyway;anyway;and;and;and;and;anyway;and;and;anyway;and;and;and;and;anyway;anyway;and;anyway;and;now;now;now;anyway;anyway
And after making fifty videos on this channel , man , I was like ...;ok;, this ... I ... I had never been more inspired in my life .;parallel;and;and;and;and;and;and;and;and;and;anyway;anyway;anyway;and;and;and;and;anyway;anyway;anyway;anyway;anyway;anyway;anyway;anyway;and;and;and;anyway;anyway;and;and;and;anyway;anyway;promised;anyway;anyway;now;now;now;now;now
It 's like this ... he 's ... he 's kind of the guy who 's ... who 's taken on this approach of essentially just only using , ER for his highways;anyway;, ER single-lane highways;discourse;and;and;and;and;and;and;and;and;and;and;and;and;and;and;and;and;and;and;and;and;and;and;and;and;and;and;and;and;and;and;and;and;and;and;and;and;and;and;and;and;and;and
So er m;anyway;goes in I said to him other day I asked him other week he says our turn to give me a ring.;discourse;anyway;and;and;and;and;anyway;anyway;anyway;anyway;anyway;anyway;anyway;and;and;anyway;anyway;anyway;anyway;anyway;anyway;anyway;anyway;anyway;anyway;anyway;and;and;anyway;anyway;anyway;and;anyway;anyway;anyway;anyway;anyway;and;so;so;so;so;so
And I ;think;that kind of messed up the formula .;basic;and;and;and;and;and;and;and;and;and;and;and;and;and;and;and;and;and;and;and;and;and;and;and;and;and;and;and;and;and;and;and;and;and;and;and;and;and;and;and;and;and;and
About that;well;the thing is they're gonna put they're gonna put from the Sky to the televisions they're gonna put a satellite dish on the roof.;parallel;anyway;anyway;anyway;anyway;anyway;anyway;anyway;anyway;anyway;anyway;anyway;anyway;anyway;anyway;anyway;anyway;anyway;anyway;anyway;anyway;anyway;anyway;anyway;anyway;anyway;anyway;anyway;anyway;anyway;anyway;anyway;anyway;anyway;anyway;anyway;anyway;anyway;anyway;anyway;anyway;anyway;anyway
At times you may feel a bit down or out of touch with those around you;however;one matter needs your attention and a new business venture is also worth thinking about things decorating or maintenance as necessary a telephone call will bring surprising news.;discourse;anyway;anyway;anyway;anyway;anyway;anyway;anyway;anyway;anyway;anyway;anyway;anyway;anyway;anyway;anyway;anyway;anyway;anyway;anyway;anyway;anyway;anyway;anyway;anyway;anyway;anyway;anyway;anyway;anyway;anyway;anyway;anyway;anyway;anyway;anyway;anyway;anyway;want;want;now;now;now
So;now;I know why they tell you fill this as you go along cos you forget what.;parallel;so;so;so;so;so;so;so;so;so;so;so;so;so;so;so;so;so;so;so;so;so;so;so;so;so;so;so;so;so;so;so;so;so;so;so;so;so;so;so;so;so;so
Price of electrodes is seems alright;however;plate prices are very high.;discourse;now;and;and;anyway;anyway;anyway;anyway;anyway;anyway;admittedly;admittedly;admittedly;and;anyway;anyway;anyway;admittedly;admittedly;admittedly;admittedly;admittedly;admittedly;admittedly;admittedly;now;and;and;anyway;admittedly;admittedly;admittedly;admittedly;admittedly;admittedly;admittedly;admittedly;admittedly;now;now;certainly;certainly;certainly
And it 's just kind of , I do n't know , like , ';now;it 's gonna be over . ' .;parallel;and;and;and;and;anyway;anyway;anyway;anyway;anyway;anyway;anyway;anyway;and;anyway;anyway;anyway;anyway;anyway;anyway;anyway;anyway;anyway;anyway;anyway;and;and;anyway;anyway;anyway;anyway;anyway;anyway;anyway;anyway;anyway;anyway;anyway;want;now;now;certainly;certainly
The reasons for looking at this change;and;I quote the reports the the ways the district council interpret the existing clause about provi precedency is the district council ah interpret in very different ways.;discourse;anyway;anyway;anyway;anyway;anyway;anyway;anyway;anyway;anyway;anyway;anyway;anyway;anyway;anyway;anyway;anyway;anyway;anyway;anyway;anyway;anyway;anyway;anyway;anyway;anyway;anyway;anyway;anyway;anyway;and;and;anyway;promised;anyway;anyway;anyway;anyway;want;anyway;anyway;anyway;anyway
No well;certainly;not the first time I play it I approach it when he thinks I've finished but it's nowhere near I mean.;commentary;well;well;anyway;anyway;anyway;anyway;anyway;anyway;anyway;anyway;anyway;anyway;anyway;anyway;anyway;anyway;anyway;anyway;anyway;anyway;anyway;anyway;anyway;anyway;well;anyway;anyway;anyway;admittedly;anyway;anyway;anyway;anyway;anyway;anyway;anyway;anyway;well;well;well;well;certainly
Welcome to today's episode of Jazzy has n't driven in over a year;so;she forgot how to drive .;discourse;anyway;anyway;anyway;anyway;anyway;anyway;anyway;anyway;anyway;anyway;anyway;anyway;anyway;anyway;anyway;anyway;anyway;anyway;promised;promised;promised;anyway;anyway;anyway;anyway;anyway;anyway;anyway;anyway;anyway;anyway;promised;promised;anyway;promised;promised;anyway;want;want;want;want;want
And I ;think;that 's what I want my channel to be about .;basic;and;and;and;and;and;and;and;and;and;and;and;and;and;and;and;and;and;and;and;and;and;and;and;and;and;and;and;and;and;and;and;and;and;and;and;and;and;and;and;and;and;and
Oh;admittedly;you get more don't you for four pounds.;basic;and;and;and;and;and;anyway;anyway;anyway;anyway;anyway;anyway;anyway;and;and;anyway;anyway;anyway;anyway;anyway;anyway;anyway;anyway;anyway;anyway;and;and;and;anyway;anyway;anyway;anyway;anyway;anyway;anyway;anyway;anyway;anyway;anyway;anyway;anyway;anyway;anyway
And ER ... or m ER ...;anyway;, we 'd ... we 'd walk out to the shed , do our slow motion walk .;discourse;and;and;and;and;and;and;and;and;and;and;and;and;and;and;and;and;and;and;and;and;and;and;and;and;and;and;and;and;and;and;and;and;and;and;and;and;and;and;and;and;and;and
And I ;think;it 's just adorable .;basic;and;and;and;and;and;and;and;and;and;and;and;and;and;and;and;and;and;and;and;and;and;and;and;and;and;and;and;and;and;and;and;and;and;and;and;and;and;and;and;and;and;and
The ideals are , 'I ;want;to be there for you . ' .;basic;and;and;and;and;and;and;and;and;and;and;and;and;and;and;and;and;and;and;anyway;anyway;anyway;anyway;anyway;and;and;and;and;and;and;and;and;and;anyway;anyway;anyway;anyway;anyway;now;now;certainly;certainly;certainly
Well done mum for reading that out;wrongly;to me.;commentary;anyway;anyway;anyway;anyway;anyway;anyway;anyway;anyway;anyway;anyway;anyway;anyway;anyway;anyway;anyway;anyway;anyway;anyway;anyway;anyway;anyway;anyway;anyway;anyway;anyway;anyway;anyway;anyway;anyway;anyway;anyway;anyway;anyway;anyway;anyway;anyway;anyway;want;anyway;anyway;anyway;anyway
And he said , ';well;, I could n't always say I ca n't do anything with my wife . ' ;parallel;and;and;and;and;and;anyway;anyway;anyway;anyway;anyway;anyway;anyway;and;and;anyway;anyway;anyway;anyway;anyway;anyway;anyway;anyway;anyway;anyway;and;and;anyway;anyway;anyway;and;and;anyway;anyway;anyway;anyway;anyway;and;now;now;certainly;certainly;certainly
I'll say give me some money I;want;to go and get her some chocolates.;basic;anyway;anyway;anyway;anyway;anyway;anyway;anyway;anyway;anyway;anyway;anyway;anyway;anyway;anyway;anyway;anyway;anyway;anyway;anyway;anyway;anyway;anyway;anyway;anyway;anyway;anyway;anyway;anyway;anyway;anyway;anyway;anyway;anyway;anyway;anyway;anyway;anyway;want;want;anyway;anyway;anyway
I'm just gonna do it;now;before Rachel gets here , my roommate .;parallel;anyway;anyway;anyway;anyway;anyway;anyway;anyway;anyway;anyway;anyway;anyway;anyway;anyway;anyway;anyway;anyway;anyway;anyway;anyway;anyway;anyway;anyway;anyway;anyway;anyway;anyway;anyway;anyway;anyway;anyway;anyway;anyway;anyway;anyway;anyway;anyway;anyway;now;now;now;now;now
Well;admittedly;the fierce the most fierce cricket er of all.;basic;well;well;well;well;well;well;well;well;well;well;well;well;well;well;well;well;well;well;well;well;well;well;well;well;well;well;well;well;well;well;well;well;well;well;well;well;well;well;well;well;well;well
She's enjoying herself we met her at John's house I felt nervous this morning for sleeping home late;although;in fact I have been awake quite a lot in between.;discourse;anyway;anyway;anyway;anyway;anyway;anyway;anyway;anyway;anyway;anyway;anyway;anyway;anyway;anyway;anyway;anyway;anyway;anyway;anyway;anyway;anyway;anyway;anyway;anyway;anyway;anyway;anyway;anyway;anyway;anyway;anyway;anyway;anyway;anyway;anyway;anyway;anyway;now;now;now;certainly;certainly
Well there is another man and she has told Paul that;frankly;she's lap ping up the attention.;commentary;anyway;anyway;and;anyway;anyway;anyway;and;and;anyway;anyway;anyway;anyway;and;anyway;and;anyway;anyway;anyway;anyway;anyway;anyway;anyway;anyway;anyway;anyway;and;anyway;anyway;anyway;and;and;and;anyway;anyway;anyway;anyway;anyway;want;now;now;anyway;anyway
You probably were doing something;incredibly;boring.;commentary;anyway;anyway;anyway;anyway;anyway;anyway;anyway;anyway;anyway;anyway;anyway;anyway;anyway;anyway;anyway;anyway;anyway;anyway;anyway;anyway;anyway;anyway;anyway;anyway;anyway;anyway;anyway;anyway;anyway;anyway;anyway;anyway;anyway;anyway;anyway;anyway;anyway;certainly;certainly;certainly;certainly;certainly
And ER ... and a ... at that point ,I;think;I really just got a glimpse of how we are made for ... for eternity .;basic;and;and;and;and;and;and;and;and;and;and;and;and;and;and;and;and;and;and;and;and;and;and;and;and;and;and;and;and;and;and;and;and;and;and;and;and;and;now;and;and;and;and
I would probably have to say ,;ok;... I 'm gonna ... I 'm gonna list some free products ... some of the free programs that you can actually use .;parallel;anyway;anyway;anyway;anyway;anyway;anyway;anyway;anyway;anyway;anyway;anyway;anyway;anyway;anyway;anyway;anyway;anyway;anyway;anyway;anyway;anyway;anyway;anyway;anyway;anyway;anyway;anyway;anyway;anyway;anyway;anyway;anyway;anyway;anyway;anyway;anyway;anyway;want;now;now;now;certainly
He seemed to like that;although;he did get fed up with it.;discourse;anyway;anyway;anyway;anyway;anyway;anyway;anyway;anyway;anyway;anyway;anyway;anyway;anyway;anyway;anyway;anyway;anyway;anyway;anyway;anyway;anyway;anyway;anyway;anyway;anyway;anyway;anyway;anyway;anyway;anyway;anyway;anyway;anyway;anyway;anyway;anyway;anyway;want;want;want;want;want
So Bill gets on the phone I;want;to know what's going on what they're playing at.;basic;anyway;anyway;anyway;anyway;anyway;anyway;anyway;anyway;anyway;anyway;anyway;anyway;anyway;anyway;anyway;anyway;anyway;anyway;anyway;anyway;anyway;anyway;anyway;anyway;anyway;anyway;anyway;anyway;anyway;anyway;anyway;anyway;anyway;anyway;anyway;anyway;anyway;want;want;anyway;anyway;anyway
And they had been far more limiting for women than men;admittedly;, but very limiting for both , in the past .;basic;and;and;and;and;and;and;and;and;and;and;and;and;and;and;and;and;and;and;admittedly;and;and;and;and;and;and;and;and;and;and;and;and;and;and;and;anyway;admittedly;and;now;now;certainly;certainly;certainly
But from the very first time I sat down with Donald Trump , ER I ... I quickly understood that he had an;incredibly;short attention span .;commentary;and;and;and;and;and;and;and;and;anyway;anyway;anyway;anyway;and;and;and;anyway;anyway;anyway;admittedly;anyway;anyway;anyway;anyway;anyway;and;and;and;anyway;anyway;and;and;anyway;anyway;anyway;admittedly;admittedly;anyway;want;anyway;anyway;anyway;anyway
So it 's a little different;now;, this whole ... this whole ER ER cult of personality that 's r ... taken over America .;parallel;and;and;and;and;and;and;and;and;anyway;anyway;anyway;anyway;and;and;and;anyway;anyway;anyway;anyway;anyway;anyway;anyway;anyway;anyway;and;and;and;anyway;anyway;and;and;anyway;anyway;anyway;anyway;anyway;anyway;so;anyway;anyway;anyway;anyway
And I ;think;it 's just 'cause the body 's so loose and , you know , it 's , like , free , you know ?;basic;and;and;and;and;and;and;and;and;and;and;and;and;and;and;and;and;and;and;and;and;and;and;and;and;and;and;and;and;and;and;and;and;and;and;and;and;and;and;and;and;and;and
In nineteen eighty three from nineteen fifty three after thirty years of making cheese they changed his job I think many of you are ahead of me already he said I was given a job change and I began working in lands cap ing how nice while being interviewed some time ago I was asked what I thought about being giving a job change after thirty years of making cheese and he said well it didn't bother me I noted;frankly;because I didn't like making cheese anyway.;commentary;anyway;anyway;anyway;anyway;anyway;anyway;anyway;anyway;anyway;anyway;anyway;anyway;anyway;anyway;anyway;anyway;anyway;anyway;anyway;anyway;anyway;anyway;anyway;anyway;anyway;anyway;anyway;anyway;anyway;anyway;anyway;anyway;anyway;anyway;anyway;anyway;anyway;want;now;anyway;anyway;anyway
But;anyway;, everyone 's , like , joking around , being like , ' Whoa , that 's so awesome . Sidney , what 's your big secret ? Like , we did n't know Josiah was writing a book . What are you gonna do with the rest of your summer ? ';discourse;and;and;and;and;and;and;and;and;and;and;and;and;and;and;and;and;and;and;and;and;and;and;and;and;and;and;and;and;and;and;and;and;and;and;anyway;however;and;and;and;anyway;anyway;anyway
ER and I just do n't see the prospect that this partial mobilization is going to generate much effective combat capability ,;certainly;not in the near-term and probably not even in the mid-term .;commentary;and;and;and;and;and;and;and;and;and;and;and;and;and;and;and;and;and;and;anyway;anyway;admittedly;admittedly;admittedly;and;and;and;and;anyway;and;and;and;and;admittedly;anyway;admittedly;admittedly;anyway;want;certainly;certainly;certainly;certainly
And ER , you know , I ...;think;actually even if you call the debate over ER technology and its effect on well-being ER neutral , and just say , ' Okay , we 're just gonna say it does n't have an effect , positive or negative . ' , it 's a problem that teens are s ... sleeping less and spending time with their friends face to face .;basic;and;and;and;and;and;and;and;and;and;and;and;and;and;and;and;and;and;and;and;and;and;and;and;and;and;and;and;and;and;and;and;and;and;and;and;and;and;now;now;and;and;and
And I ;think;that we just have to have certain rules .;basic;and;and;and;and;and;and;and;and;and;and;and;and;and;and;and;and;and;and;and;and;and;and;and;and;and;and;and;and;and;and;and;and;and;and;and;and;and;and;and;and;and;and
And this would;certainly;be a ... a negative feedback , which would reduce the climate effect .;commentary;and;and;and;and;and;and;and;and;and;and;and;and;and;and;and;and;and;and;anyway;anyway;and;and;and;and;and;and;and;and;and;and;and;and;and;anyway;anyway;anyway;and;now;certainly;certainly;certainly;certainly
But it 's really the study of ... of ... of ER ER mother nature , natural law , you know , yin;and;yang , yeah , living ... living according to your intuition , your own judgement , following your instincts .;discourse;and;and;and;and;and;and;and;and;and;and;and;and;and;and;and;and;and;and;and;and;and;and;and;and;and;and;and;and;and;and;and;and;anyway;and;and;and;and;want;promise;and;promise;promise
o that one was definitely the most challenging to bring to life , because it was like , ';ok;, I may not be Regina George . But I need to be Regina George . Like , I am Regina George in this . ' .;parallel;anyway;anyway;anyway;anyway;anyway;anyway;anyway;anyway;anyway;anyway;anyway;anyway;anyway;anyway;anyway;anyway;anyway;anyway;anyway;anyway;anyway;anyway;anyway;anyway;anyway;anyway;anyway;anyway;anyway;anyway;anyway;anyway;anyway;anyway;anyway;anyway;anyway;want;want;want;want;want
And they say , ' We 've got to go home now to New York and pick up our;so;... our unemployment . And we 'll be back g ... in the day . ' .;discourse;and;and;and;and;and;anyway;anyway;anyway;anyway;anyway;anyway;anyway;and;and;anyway;anyway;anyway;anyway;anyway;anyway;anyway;anyway;anyway;anyway;and;and;anyway;anyway;anyway;anyway;anyway;anyway;anyway;anyway;anyway;anyway;anyway;want;now;now;now;now
His hair's down to here;now;innit.;parallel;;;;;;;;;;;;;;;;;;;;;;;;;;;;;;;;;;;;;;anyway;anyway;anyway;anyway;anyway
I said well;frankly;Cheryl with her record I'm not in I said she takes off when she pleases she comes down when she wants something I said she doing me some good at christmas I said I do I quite understand that I said I do understand and I'm I've nothing nothing to do with me that's entirely up to you and she said and you wouldn't tell me what to do you won't change our minds I said no I'm not trying to change your minds but you asked me what I would do I said and I think there and now she's She said and I don't care what you done I'll do I'll do I said she's got hundreds of where they smash the windows and break into so regularly.;commentary;anyway;anyway;anyway;anyway;anyway;anyway;anyway;anyway;anyway;anyway;anyway;anyway;anyway;anyway;anyway;anyway;anyway;anyway;anyway;anyway;anyway;anyway;anyway;anyway;anyway;anyway;anyway;anyway;anyway;and;and;anyway;anyway;anyway;anyway;anyway;anyway;now;now;now;now;now
And that 's just him ,;frankly;, at this point .;commentary;anyway;anyway;anyway;anyway;anyway;anyway;anyway;anyway;anyway;anyway;anyway;anyway;anyway;anyway;anyway;anyway;anyway;anyway;anyway;anyway;anyway;anyway;anyway;anyway;anyway;anyway;anyway;anyway;anyway;anyway;anyway;anyway;anyway;anyway;anyway;anyway;anyway;anyway;anyway;anyway;anyway;anyway
I mean;admittedly;you don't get that much fish in there do you.;basic;anyway;anyway;anyway;anyway;anyway;anyway;anyway;anyway;anyway;anyway;anyway;anyway;anyway;anyway;anyway;anyway;anyway;anyway;anyway;anyway;anyway;anyway;anyway;anyway;anyway;anyway;anyway;anyway;anyway;anyway;anyway;anyway;anyway;anyway;anyway;anyway;anyway;now;now;certainly;certainly;certainly
And I ;think;that 's very interesting .;basic;and;and;and;and;and;and;and;and;and;and;and;and;and;and;and;and;and;and;and;and;and;and;and;and;and;and;and;and;and;and;and;and;and;and;and;and;and;and;and;and;and;and
And then I leave this kind of how it is;although;we should probably use this to get some more zonable space out of this .;discourse;anyway;anyway;anyway;anyway;anyway;anyway;anyway;anyway;anyway;anyway;anyway;anyway;anyway;anyway;anyway;anyway;anyway;anyway;anyway;anyway;anyway;anyway;anyway;anyway;anyway;anyway;anyway;anyway;anyway;anyway;anyway;anyway;anyway;anyway;anyway;anyway;anyway;now;now;now;now;now
But I I couldn't get over you know I say I had a quick look the other at Marks you know to even do the Christmas ser viet tes they're doing a lot more and they said if people aren't buying as much on the clothes side er m so they they've come down I mean;now;I can get er m come over and I said you've never looked at Marks I said you never buy clothes I said have a look in Marks I said they do some really lovely.;parallel;anyway;anyway;anyway;anyway;anyway;anyway;anyway;anyway;anyway;anyway;anyway;anyway;anyway;anyway;anyway;anyway;anyway;anyway;anyway;anyway;anyway;anyway;anyway;anyway;anyway;anyway;anyway;anyway;anyway;anyway;anyway;anyway;anyway;anyway;anyway;anyway;anyway;want;now;now;now;now
And ... an ... and that 's the kind of audience that I;want;now , right ?;basic;now;now;and;and;and;and;and;and;and;and;and;anyway;and;and;and;and;and;anyway;anyway;anyway;anyway;anyway;anyway;anyway;now;and;and;anyway;anyway;and;and;anyway;anyway;anyway;anyway;anyway;anyway;now;now;now;now;now
She took er m ;stupidly ;er m she says herself she booked er m the Friday and er m the Monday off.;commentary;and;and;and;and;and;and;and;and;and;and;and;and;and;and;and;and;and;and;and;and;and;and;and;and;and;and;and;and;and;and;and;and;and;and;and;and;and;and;and;and;and;and
One two one two one two threefour one two threefour one two threefour brilliant;ok;right let's see.;parallel;anyway;anyway;anyway;anyway;anyway;anyway;anyway;anyway;anyway;anyway;anyway;anyway;anyway;anyway;anyway;anyway;anyway;anyway;admittedly;anyway;anyway;anyway;anyway;anyway;anyway;anyway;anyway;anyway;anyway;anyway;anyway;anyway;anyway;anyway;admittedly;admittedly;anyway;now;now;now;anyway;anyway
So if you go on thirty days;unfortunately;we we'll enforce that.;commentary;anyway;anyway;anyway;anyway;anyway;anyway;anyway;anyway;anyway;anyway;anyway;anyway;anyway;anyway;anyway;anyway;anyway;anyway;anyway;anyway;anyway;anyway;anyway;anyway;anyway;anyway;anyway;anyway;anyway;anyway;anyway;anyway;anyway;anyway;anyway;anyway;anyway;now;now;now;now;now
And there's two houses here oh i it might be an idea;although;I wouldn't mind going in and having a look.;discourse;and;and;and;and;and;and;and;and;and;and;anyway;anyway;and;and;and;and;anyway;anyway;anyway;anyway;anyway;anyway;anyway;anyway;and;and;and;anyway;anyway;and;and;anyway;anyway;anyway;anyway;anyway;anyway;want;now;now;now;now
Well ,;unfortunately;, you see , thd ... I ... I 'd ... I do not believe that they have dmo ... h ... a ... we 've gone into this .;commentary;well;well;well;well;well;well;well;well;well;well;well;well;well;well;well;well;well;well;well;well;well;well;well;well;well;well;well;well;well;well;well;well;well;well;well;well;well;well;well;well;well;well
I I I was lucky in the three ground I went too the worst that ever happened to me was I was put head first into a dust bin but;luckily;it had been emptied it was still well muck y but I just fucking went and had a shower and I come out of the shower and I'd got pounce d upon again and I was there it must of been a funny site there's me right in just a pair of fucking deck chairs that we used to wear for the the shower block right fucking shaving er like the wash kit bag in my right hand and I was holding me fucking towel round round me waist with me left I was streak ing across the play ground going as fast as I could.;commentary;and;and;and;and;and;and;and;and;and;anyway;anyway;anyway;and;and;and;and;anyway;anyway;anyway;anyway;anyway;anyway;anyway;anyway;and;and;and;anyway;anyway;and;and;and;anyway;anyway;anyway;anyway;anyway;want;now;now;now;now
If you walk around;and;go , ' Yeah , thirty five years ago , I was really fam ... ' ... what the ... it 'd be like , you know , someone in their forties talking about high school , you know , ' I was a star quarterback in high school . ';discourse;anyway;anyway;anyway;anyway;anyway;anyway;anyway;anyway;anyway;anyway;anyway;anyway;anyway;anyway;anyway;anyway;anyway;anyway;anyway;anyway;anyway;anyway;anyway;anyway;anyway;anyway;anyway;anyway;anyway;anyway;anyway;anyway;anyway;anyway;anyway;anyway;anyway;now;now;now;now;now
Yeah good old laugh I remember my scout motto I;promised;I'll do my best and do my duties its going back a longlong way brother.;basic;anyway;and;and;and;anyway;anyway;anyway;anyway;anyway;anyway;anyway;anyway;and;anyway;anyway;anyway;anyway;anyway;anyway;anyway;anyway;anyway;anyway;anyway;anyway;and;anyway;anyway;anyway;anyway;and;anyway;anyway;anyway;anyway;anyway;anyway;want;want;anyway;anyway;anyway
And I ;think;that ER when you see the story of what 's happened , you realize that we are all the authors of that ... of those effects .;basic;and;and;and;and;and;and;and;and;and;and;and;and;and;and;and;and;and;and;and;and;and;and;and;and;and;and;and;and;and;and;and;and;and;and;and;and;and;and;and;and;and;and
And it's so high now their dad's mended each time;fortunately;he teaches technology.;commentary;and;and;and;and;and;and;and;and;and;anyway;anyway;anyway;and;and;and;and;anyway;anyway;anyway;anyway;anyway;anyway;anyway;anyway;and;and;and;anyway;anyway;and;and;and;anyway;anyway;anyway;anyway;and;now;now;now;now;now
hen you would train your data on that model ER and;so;what that means ... or ... you train your model on that data .;discourse;and;and;and;and;and;and;and;and;and;and;and;and;and;and;and;and;and;and;anyway;anyway;and;and;and;and;and;and;and;anyway;and;and;and;and;anyway;anyway;anyway;anyway;and;now;promise;promise;promise;promise
The girls in the magazine are;admittedly;young .;basic;and;and;and;and;and;and;and;and;and;and;and;and;and;and;and;and;and;and;and;and;and;and;and;and;and;and;and;and;and;and;and;and;and;and;and;and;and;and;and;and;and;and
ER and then ... so ,;ok;... so , last episode , I actually did talk about this ER ... I mentioned the potential for basically overhauling this entire ore mining operation , and trying something new ... trying some kind of , like , dug-in areas , you know , with , like , a more realistic approach to it .;parallel;and;and;and;and;and;and;and;and;and;and;and;and;and;and;and;and;and;and;and;and;and;and;and;and;and;and;and;and;and;and;and;and;and;and;and;and;and;now;now;now;now;and
And people took that;and;said , ' Whoa , it 's done . There is your climate warming . It 's done . ' .;discourse;and;and;and;and;and;and;and;and;and;and;and;and;and;and;and;and;and;and;anyway;and;and;and;and;and;and;and;and;and;and;and;and;and;and;and;and;anyway;and;now;now;now;now;now
I won't I won't I;promise;I won't switch it on cos when it's switched on it's dangerous;basic;and;and;and;and;and;and;and;and;and;and;and;and;and;and;and;and;and;and;promised;promised;and;and;and;and;and;and;and;and;and;and;and;and;anyway;anyway;promised;promised;and;want;anyway;and;anyway;anyway
Let 's keep in mind as well though that just a cost benefit analysis here for Vladimir Putin , who of course is in ... in;incredibly;desperate situation ... ER and we can talk about that in a moment .;commentary;and;and;and;and;anyway;anyway;anyway;anyway;anyway;anyway;anyway;anyway;and;anyway;anyway;anyway;anyway;anyway;anyway;anyway;anyway;anyway;anyway;anyway;and;and;and;anyway;anyway;anyway;anyway;anyway;anyway;anyway;anyway;anyway;anyway;want;now;now;now;now
You look at ... you look at it;and;ask different kinds of questions .;discourse;anyway;anyway;anyway;anyway;anyway;anyway;anyway;anyway;anyway;anyway;anyway;anyway;anyway;anyway;anyway;anyway;anyway;anyway;anyway;anyway;anyway;anyway;anyway;anyway;anyway;anyway;anyway;anyway;anyway;anyway;anyway;anyway;anyway;anyway;anyway;anyway;anyway;want;now;now;now;now
And then yesterday Bill went to work again and;luckily;he was home by lunchtime.;commentary;and;and;and;and;and;and;and;and;and;and;and;and;and;and;and;and;and;and;anyway;anyway;and;and;and;and;and;and;and;and;and;and;and;and;and;anyway;anyway;anyway;and;now;now;now;now;now
Well John was saying to me that eh Bill is such a perfection ist that;although;he's done good works already he will ensure that every single corner of that house will be immaculate and exactly the way he wants it but it'll take him three or four years to do it.;discourse;anyway;anyway;anyway;anyway;anyway;anyway;anyway;anyway;anyway;anyway;anyway;anyway;anyway;anyway;anyway;anyway;anyway;anyway;anyway;anyway;anyway;anyway;anyway;anyway;anyway;anyway;anyway;anyway;anyway;anyway;anyway;anyway;anyway;anyway;anyway;anyway;anyway;want;now;now;certainly;certainly
But one thing that I would share with you;and;it's this is that whenever the friends of Jesus eat and drink together they remember him his sac r if i cia l love for them and the wonderful gift of freedom that he has made possible.;discourse;anyway;anyway;anyway;anyway;anyway;anyway;anyway;anyway;anyway;anyway;anyway;anyway;anyway;anyway;anyway;anyway;anyway;anyway;anyway;anyway;anyway;anyway;anyway;anyway;anyway;anyway;anyway;anyway;anyway;anyway;anyway;anyway;anyway;anyway;anyway;anyway;anyway;want;now;now;now;certainly
But ER I;certainly;feel that bdh ... Amer ... a m ... woman can get anywhere they want to in America .;commentary;and;and;and;and;and;and;and;and;and;and;and;and;and;and;and;and;and;and;and;and;and;and;and;and;and;and;and;and;and;and;and;and;and;and;and;and;and;want;and;and;and;and
And I;promise;I won't fall on you no.;basic;and;and;and;and;and;and;and;and;and;and;and;and;and;and;and;and;and;and;and;and;and;and;and;and;and;and;and;and;and;and;and;and;and;and;and;and;and;and;and;and;and;and
Yeah and that's another thing I found I had a letter from the Social Security saying would you;please;send your order book back you're not entitled to any more money your sickness benefit 's run out I thought it can't have I don't go back until the twenty fifth of March phones up for the appointment I got it on the fifth of March nine days ago.;basic;and;and;and;and;and;and;and;and;and;and;and;anyway;and;and;and;and;and;anyway;promised;promised;promised;anyway;anyway;anyway;and;and;and;anyway;anyway;and;and;and;promised;anyway;promised;promised;anyway;want;now;now;now;now
I;think;a lot of people are just you know I'm not getting involved in them they might belt me one walk away anyway you can't blame them sad people can't people can't say it were you and your boy you know leave that leave that alone or else I'll go and get a policeman the fear of them.;basic;and;and;and;and;and;and;and;and;and;and;and;and;and;and;and;and;and;and;and;and;and;and;and;and;and;and;and;and;and;and;and;and;and;and;and;unfortunately;and;anyway;anyway;anyway;anyway;anyway
We're still having trouble getting insurance and er;anyway;I phoned and I wrote him again yesterday and he's given this number who er who he's with.;discourse;and;and;and;and;and;and;and;and;and;and;and;and;and;and;and;and;and;and;and;and;and;and;and;and;and;and;and;and;and;and;and;and;and;and;and;and;and;now;now;and;and;and
You know cos I'm I'm spending money and time on him that really has those in theory I would be spending on my own grand children;however;I take the attitude that in modern times people don't people are not obliged.;discourse;anyway;and;and;and;anyway;anyway;anyway;anyway;anyway;anyway;anyway;anyway;and;anyway;anyway;anyway;anyway;anyway;anyway;anyway;anyway;anyway;anyway;anyway;anyway;and;and;anyway;anyway;and;and;anyway;anyway;anyway;anyway;anyway;anyway;want;now;now;now;now
I don't know but then;frankly;thinking but then I got them in the end you know I just didn't sell them because nobody paid that much and then ah in the outset and I paid quite a big price for for two for Patrick and me and then when they were they they dropped the price and then I got some more.;commentary;and;and;and;and;and;and;and;and;and;and;and;and;and;and;and;and;and;and;anyway;anyway;and;and;and;and;and;and;and;and;and;and;and;and;anyway;anyway;anyway;anyway;and;now;now;now;now;now
Oh;admittedly;you would have been pig sick when a king would have but even if the king had turned up you'd have still got the got a run and fifteen.;basic;and;and;and;and;and;and;and;anyway;anyway;anyway;anyway;anyway;and;and;and;anyway;anyway;anyway;unfortunately;anyway;anyway;anyway;anyway;anyway;and;and;and;anyway;anyway;anyway;anyway;anyway;anyway;anyway;anyway;unfortunately;unfortunately;now;now;certainly;certainly;certainly
You know this whole of idea of things and ritual being the holy and that things in the ritual there yes there are sacred symbols and they need to be handled in that that that sense of sacred ness but the that which makes them sacred is the person our Lord and us in communion with him and with each other;and;it seems to me that wherever that happens there is sacrament.;discourse;anyway;anyway;anyway;anyway;anyway;anyway;anyway;anyway;anyway;anyway;anyway;anyway;anyway;anyway;anyway;anyway;anyway;anyway;anyway;anyway;anyway;anyway;anyway;anyway;anyway;anyway;anyway;anyway;anyway;anyway;anyway;anyway;anyway;anyway;anyway;anyway;anyway;want;now;now;now;now
I know it doesn't work quite like that that is the one;ok;can you take the other hand that's that one.;parallel;anyway;anyway;anyway;anyway;anyway;anyway;anyway;anyway;anyway;anyway;anyway;anyway;anyway;anyway;anyway;anyway;anyway;anyway;anyway;anyway;anyway;anyway;anyway;anyway;anyway;anyway;anyway;anyway;anyway;anyway;anyway;anyway;anyway;anyway;anyway;anyway;anyway;now;now;now;now;certainly
And I ...;well;, first I started an episode ;parallel;and;and;and;and;and;and;and;and;and;and;and;and;and;and;and;and;and;and;and;and;and;and;and;and;and;and;and;and;and;and;and;and;and;and;and;and;and;and;and;and;and;and
No , I think we 're gonna see more downside volatility ,;unfortunately;yeah;commentary;;;;;;;;;;;;;;;;;;;;;;;;;;;;;;;;;;;;;;and;and;anyway;anyway;anyway
That's right;well;I think he's got the downstairs then he hasn't got an upstairs.;parallel;anyway;and;anyway;anyway;anyway;anyway;anyway;anyway;anyway;anyway;anyway;anyway;anyway;anyway;anyway;anyway;anyway;anyway;anyway;anyway;anyway;anyway;anyway;anyway;anyway;and;anyway;anyway;anyway;anyway;anyway;anyway;anyway;anyway;anyway;anyway;anyway;now;now;anyway;anyway;anyway
And ER e ... for college it 's more like , ';ok;, here is my classes . ' .;parallel;and;and;and;and;and;and;and;and;and;and;and;and;and;and;and;and;and;and;anyway;anyway;anyway;anyway;anyway;and;and;and;and;and;and;and;and;and;anyway;anyway;anyway;anyway;and;now;now;now;and;and
And I ;think;that that lesson should be learned by people advocating about climate too .;basic;and;and;and;and;and;and;and;and;and;and;and;and;and;and;and;and;and;and;and;and;and;and;and;and;and;and;and;and;and;and;and;and;and;and;and;and;and;and;and;and;and;and
And I 'm gonna wet my brush;and;just use a little bit on that angle brush to clean up and give a little more shape and structure to the brow .;discourse;and;and;and;and;and;and;and;and;and;and;and;and;and;and;and;and;and;and;and;and;and;and;and;and;and;and;and;and;and;and;and;and;and;and;and;and;and;and;and;and;and;and
There's;certainly;a fancy er club house there isn't it.;commentary;;;;;;;;;;;;;;;;;;;;;;;;;;;;;;;;;;;;;;and;and;and;and;and
I would point out ,;however;, that ... that it is n ... ER even this pro ... project , although it 's clearly ER uncomfortable , not quite as serious as it looks .;discourse;anyway;anyway;anyway;anyway;anyway;anyway;anyway;anyway;anyway;anyway;anyway;anyway;anyway;anyway;anyway;anyway;anyway;anyway;anyway;anyway;anyway;anyway;anyway;anyway;anyway;anyway;anyway;anyway;anyway;anyway;anyway;anyway;anyway;anyway;anyway;anyway;anyway;now;now;certainly;certainly;certainly
And I ;think;... I look at my mom as being just h ... an unbelievable woman to put up with the s ... things that my dad did .;basic;and;and;and;and;and;and;and;and;and;and;and;and;and;and;and;and;and;and;and;and;and;and;and;and;and;and;and;and;and;and;and;and;and;and;and;and;and;and;and;and;and;and
If you've never had one;please;do it even if you feel weird .;basic;now;certainly;certainly;anyway;anyway;anyway;anyway;anyway;anyway;anyway;anyway;anyway;certainly;anyway;anyway;anyway;anyway;anyway;anyway;anyway;anyway;anyway;anyway;anyway;now;certainly;anyway;anyway;anyway;anyway;anyway;anyway;anyway;anyway;anyway;anyway;anyway;certainly;certainly;certainly;certainly;certainly
No I don't;frankly;no.;commentary;certainly;certainly;anyway;anyway;anyway;anyway;admittedly;admittedly;admittedly;admittedly;admittedly;admittedly;anyway;anyway;admittedly;admittedly;admittedly;admittedly;admittedly;admittedly;admittedly;admittedly;admittedly;admittedly;certainly;anyway;anyway;anyway;admittedly;admittedly;admittedly;admittedly;admittedly;admittedly;admittedly;admittedly;anyway;and;and;anyway;anyway;anyway
So , I thought , ';well;, ogi ... well , I 'm gonna beat that . I 'm gonna make my first film at the time I 'm twenty six . ';parallel;and;and;and;and;and;and;and;and;anyway;anyway;anyway;anyway;and;and;and;anyway;anyway;anyway;anyway;anyway;anyway;anyway;anyway;anyway;and;and;anyway;anyway;anyway;and;and;anyway;anyway;anyway;anyway;anyway;anyway;so;so;so;so;so
Oh;fortunately;Ned gave me that pink formica and the new sink as a present.;commentary;and;and;and;and;and;and;and;and;and;and;and;and;and;and;and;and;and;and;unfortunately;anyway;anyway;anyway;anyway;and;and;and;and;and;and;anyway;and;anyway;anyway;anyway;anyway;unfortunately;unfortunately;and;and;and;and;and
Right just she said she's going to be head of department it starts at ten;ok;so she'll be ahead of herself then as she'll be responsible for getting staff said she still hasn't got she said little love.;parallel;anyway;anyway;anyway;anyway;anyway;anyway;anyway;anyway;anyway;anyway;anyway;anyway;anyway;anyway;anyway;anyway;anyway;anyway;anyway;anyway;anyway;anyway;anyway;anyway;anyway;anyway;anyway;anyway;anyway;anyway;anyway;anyway;anyway;anyway;anyway;anyway;anyway;want;want;now;now;now
And I ;think;that it is important emotionally as well as physically .;basic;and;and;and;and;and;and;and;and;and;and;and;and;and;and;and;and;and;and;and;and;and;and;and;and;and;and;and;and;and;and;and;and;and;and;and;and;and;and;and;and;and;and
And I ;think;", in the case of both "" Reservoir Dogs "" and "" Pulp Fiction "" , it s ... gains a lot more resonance being told in this kind of , like , wild way .";basic;and;and;and;and;and;and;and;and;and;and;and;and;and;and;and;and;and;and;and;and;and;and;and;and;and;and;and;and;and;and;and;and;and;and;and;and;and;and;and;and;and;and
And I ;think;that the proper response to seeing the damage that we 've done is not to say , ' It 's all over . ' or ' We might as well pack up and go home . ' .;basic;and;and;and;and;and;and;and;and;and;and;and;and;and;and;and;and;and;and;and;and;and;and;and;and;and;and;and;and;and;and;and;and;and;and;and;and;and;and;and;and;and;and
nd these parts of the Earth , ER what I love about them , is they 're just;incredibly;pristine .;commentary;and;and;and;and;and;and;and;and;and;and;and;and;and;and;and;and;and;and;and;and;and;and;and;and;and;and;and;and;and;and;and;and;and;and;and;and;and;and;and;and;and;and
Oh my god there's remembering things er m I'm hoping to;ok;I don't I don't want to go you know it's too early.;parallel;anyway;anyway;anyway;anyway;anyway;anyway;anyway;anyway;anyway;anyway;anyway;anyway;anyway;anyway;anyway;anyway;anyway;anyway;anyway;anyway;anyway;anyway;anyway;anyway;anyway;anyway;anyway;anyway;anyway;anyway;anyway;anyway;anyway;anyway;anyway;anyway;anyway;want;want;want;want;want
I had I had a letter I had two letters one for her and one for me saying would you;please;send your book back for her and mine send your book back cos I ain't qualified for.;basic;and;and;and;and;and;and;and;and;and;and;and;and;and;and;and;and;and;anyway;promised;promised;promised;promised;anyway;anyway;and;and;and;anyway;anyway;and;and;promised;promised;promised;promised;promised;anyway;want;now;promise;promise;promise
And I ;think;that ER we have perhaps counted ER too much on material things and been too proud of our acquisition of material comforts quickly .;basic;and;and;and;and;and;and;and;and;and;and;and;and;and;and;and;and;and;and;and;and;and;and;and;and;and;and;and;and;and;and;and;and;and;and;and;and;and;and;and;and;and;and
And I want to er m ask you;please;if you have any comments about the work of The Old Church and Society Committee the work we do fo fo for S y nod and in the proven ce please make those comments known to Catherine or to your district representative.;basic;and;and;and;and;and;and;and;and;and;and;and;and;and;and;and;and;and;and;and;and;and;and;and;and;and;and;and;and;and;and;and;and;anyway;and;and;promised;and;want;want;want;want;want
Once we be ... once we 've embarked on this path of increasing carbon dioxide and this ... and this po ... po ... possibly ... possible accompanying climatic changes , these climatic changes will persist;certainly;for five hundred years and perhaps for a longer time .;commentary;and;and;and;and;and;and;and;and;and;and;and;anyway;and;and;and;and;and;anyway;anyway;anyway;anyway;anyway;anyway;anyway;and;and;and;anyway;anyway;and;and;and;anyway;anyway;anyway;anyway;and;now;now;now;certainly;certainly
So now it can be a lot of buildings growing over here;anyway;, I mean , minus this spot .;discourse;anyway;anyway;anyway;anyway;anyway;anyway;anyway;anyway;anyway;anyway;anyway;anyway;anyway;anyway;anyway;anyway;anyway;anyway;anyway;anyway;anyway;anyway;anyway;anyway;anyway;anyway;anyway;anyway;anyway;anyway;anyway;anyway;anyway;anyway;anyway;anyway;anyway;now;now;now;now;now
No , it 's an understanding;so;that everybody's diet is special unto them , but according to their own intuition .;discourse;and;and;and;and;and;and;and;and;and;and;and;anyway;and;and;and;and;and;anyway;anyway;anyway;anyway;anyway;anyway;anyway;and;and;and;anyway;and;and;and;and;anyway;anyway;anyway;anyway;anyway;now;certainly;certainly;certainly;certainly
But er so now I've got a thirty sixthirty five thirty fourthirty fourthirty fourthirty two and thirty so that's a B count in B file so there's no hassle with that but if I can get on and get rid of the er I've got twenty eight twenty nine in there as weller twenty eight in there as well so I;want;to get rid of the twenty eight and twenty nine but it is a guarantee that a B file so there's.;basic;and;and;and;and;and;and;and;and;and;anyway;anyway;anyway;and;and;and;and;anyway;anyway;anyway;anyway;anyway;anyway;anyway;anyway;and;and;and;anyway;and;and;and;and;anyway;anyway;anyway;anyway;anyway;now;now;now;now;now
Oh your;honour;carrying one large bag looking very guilty and shady.;parallel;and;and;and;and;and;and;and;and;and;and;and;and;and;and;and;and;and;anyway;anyway;anyway;anyway;anyway;anyway;anyway;and;and;and;anyway;anyway;anyway;and;anyway;anyway;anyway;anyway;anyway;anyway;and;and;and;and;and
No no they just take your word for it and;now;I have got as I said I've got that I've got to paint that over and re seal and I've got to make sure that nobody makes a mess in there but the plumber said what you really need to do is to get rid of this cheap and t at ty horrible plastic tray which doesn't come right to the edge of the til es.;parallel;and;and;and;anyway;anyway;anyway;anyway;anyway;anyway;anyway;anyway;anyway;and;anyway;anyway;anyway;anyway;anyway;anyway;anyway;anyway;anyway;anyway;anyway;and;and;anyway;anyway;anyway;anyway;anyway;anyway;anyway;anyway;anyway;anyway;anyway;want;now;now;now;certainly
And ER I;certainly;feel very sorry for them .;commentary;and;and;and;and;and;and;and;and;and;and;and;and;and;and;and;and;and;and;and;and;and;and;and;and;and;and;and;and;and;and;and;and;and;and;and;and;and;and;and;and;and;and
I thought that was s ... very heartening to hear ,;frankly;, because what it indicates is that the U.S. and presumably our allies have been thinking this through and , more importantly , communicating with Russia ER that such a use of nuclear weapons would bring about this , again , catastrophic response , which I would assume would include targeting of Ukr ... ER of Russian forces in Ukraine and on the Black Sea .;commentary;anyway;anyway;and;anyway;anyway;anyway;anyway;anyway;anyway;anyway;anyway;anyway;and;anyway;anyway;anyway;anyway;anyway;anyway;anyway;anyway;anyway;anyway;anyway;anyway;anyway;anyway;anyway;anyway;and;and;anyway;anyway;anyway;anyway;anyway;anyway;want;now;now;now;certainly
And I ;think;that 's the problem because our human brains evolved for social interaction to be in real-time , face to face , to be able to have ... touch and feel and ER look on someone's face and all of these other cues that are just m ... m ... much more emotionally fulfilling .;basic;and;and;and;and;and;and;and;and;and;and;and;and;and;and;and;and;and;and;and;and;and;and;and;and;and;and;and;and;and;and;and;and;and;and;and;and;and;and;and;and;and;and
And was able to ... h ... because he is a very good marketer , he was able to use that image to build his , I do n't know what I 'd say , credibility , but ,;certainly;, his fame and the interest in him .;commentary;and;and;and;and;and;and;and;and;and;and;and;and;and;and;and;and;and;and;anyway;anyway;and;and;and;and;and;and;and;and;and;and;and;and;anyway;anyway;anyway;anyway;and;want;want;want;want;want
And I ;think;it 's super cool because then my friends do n't have to sleep on the floor .;basic;and;and;and;and;and;and;and;and;and;and;and;and;and;and;and;and;and;and;and;and;and;and;and;and;and;and;and;and;and;and;and;and;and;and;and;and;and;and;and;and;and;and
And that 's why I ... I say that if we make readers of poetry as much as we do writers , I;think;we 're doing our job .;basic;and;and;and;anyway;anyway;anyway;anyway;anyway;anyway;anyway;anyway;anyway;and;anyway;anyway;anyway;anyway;anyway;anyway;anyway;anyway;anyway;anyway;anyway;and;and;anyway;anyway;anyway;anyway;anyway;anyway;anyway;anyway;anyway;anyway;anyway;now;now;now;now;now
They 're probably gonna give me whatever I;want;right?;basic;and;and;and;anyway;anyway;anyway;anyway;anyway;anyway;anyway;anyway;anyway;and;anyway;anyway;anyway;anyway;anyway;anyway;anyway;anyway;anyway;anyway;anyway;and;and;anyway;anyway;anyway;anyway;anyway;anyway;anyway;anyway;anyway;anyway;anyway;anyway;anyway;anyway;anyway;anyway
And I ;think;he runs out of new insights .;basic;and;and;and;and;and;and;and;and;and;and;and;and;and;and;and;and;and;and;and;and;and;and;and;and;and;and;and;and;and;and;and;and;and;and;and;and;and;and;and;and;and;and
Oh and er the cat was lurking around;however;it had gone somewhere else.;discourse;anyway;and;and;anyway;anyway;anyway;anyway;anyway;anyway;anyway;anyway;anyway;and;anyway;anyway;anyway;anyway;anyway;anyway;anyway;anyway;anyway;anyway;anyway;anyway;and;anyway;anyway;anyway;anyway;anyway;anyway;anyway;anyway;anyway;anyway;anyway;now;now;now;now;certainly
Tylenol is just an over the counter medicine ,;ok;, people ?;parallel;and;and;and;and;and;and;and;and;and;and;and;and;and;and;and;and;and;and;anyway;anyway;and;and;and;and;and;and;and;and;and;and;and;and;and;and;anyway;anyway;and;anyway;anyway;anyway;anyway;anyway
Other people will be making changes today you may feel put out that you have not been consulted;however;it will pay off if you curb your famous temper.;discourse;anyway;anyway;anyway;anyway;anyway;anyway;anyway;anyway;anyway;anyway;anyway;anyway;anyway;anyway;anyway;anyway;anyway;anyway;anyway;anyway;anyway;anyway;anyway;anyway;anyway;anyway;anyway;anyway;anyway;anyway;anyway;anyway;anyway;anyway;anyway;anyway;anyway;now;now;certainly;certainly;certainly
But;luckily;, we 're all squared away now .;commentary;and;and;and;and;and;and;and;and;and;and;and;and;and;and;and;and;and;and;anyway;anyway;anyway;anyway;anyway;and;and;and;and;and;and;and;and;anyway;anyway;anyway;anyway;anyway;and;now;now;now;now;now
when it get's up;well;who knows sort of thing once it gets up to temperature.;parallel;anyway;anyway;anyway;anyway;anyway;anyway;anyway;anyway;anyway;anyway;anyway;anyway;anyway;anyway;anyway;anyway;anyway;anyway;anyway;anyway;anyway;anyway;anyway;anyway;anyway;anyway;anyway;anyway;anyway;anyway;anyway;anyway;anyway;anyway;anyway;anyway;anyway;now;now;now;now;now
Oh very good yes aha;so;er Jim's been very busy with his talks and different things and er we packed in you know after Christmas cos we both worked and we thought we'd have it you know and we caught this flu bug.;discourse;anyway;anyway;anyway;anyway;anyway;anyway;anyway;anyway;anyway;anyway;anyway;anyway;anyway;anyway;anyway;anyway;anyway;anyway;anyway;anyway;anyway;anyway;anyway;anyway;anyway;anyway;anyway;anyway;anyway;anyway;anyway;anyway;anyway;anyway;anyway;anyway;anyway;now;certainly;certainly;certainly;certainly
There is ,;however;, an even more f ... fundamental uncertainty .;discourse;anyway;anyway;anyway;anyway;anyway;anyway;anyway;anyway;anyway;anyway;anyway;anyway;anyway;anyway;anyway;anyway;anyway;anyway;admittedly;admittedly;admittedly;admittedly;anyway;anyway;anyway;anyway;anyway;anyway;admittedly;admittedly;admittedly;anyway;admittedly;admittedly;admittedly;admittedly;anyway;now;certainly;certainly;certainly;certainly
And I ;think;we might get both of our dinner .;basic;and;and;and;and;and;and;and;and;and;and;and;and;and;and;and;and;and;and;and;and;and;and;and;and;and;and;and;and;and;and;and;and;and;and;and;and;and;and;and;and;and;and
Whereas I think cars now because they give these guarantees on rust they've;certainly;given it a lot of thought but I mean there was certainly models that were riddled with problems weren't there.;commentary;and;and;and;anyway;anyway;anyway;anyway;anyway;anyway;anyway;anyway;anyway;and;anyway;anyway;anyway;anyway;anyway;anyway;anyway;anyway;anyway;anyway;anyway;and;and;anyway;anyway;anyway;anyway;anyway;anyway;anyway;anyway;anyway;anyway;anyway;now;now;now;now;certainly
Or if you want a baseball team , we do n't start the season by saying , ';ok;, everybody who wants to play with the Mets , show up at nine o ' clock tomorrow morning . And we 'll ... we 'll try to pick out a team . ' .;parallel;anyway;anyway;anyway;anyway;anyway;anyway;anyway;anyway;anyway;anyway;anyway;anyway;anyway;anyway;anyway;anyway;anyway;anyway;anyway;anyway;anyway;anyway;anyway;anyway;anyway;anyway;anyway;anyway;anyway;anyway;anyway;anyway;anyway;anyway;anyway;anyway;anyway;want;want;want;want;want
And I ;think;there should continue to be differences .;basic;and;and;and;and;and;and;and;and;and;and;and;and;and;and;and;and;and;and;and;and;and;and;and;and;and;and;and;and;and;and;and;and;and;and;and;and;and;and;and;and;and;and
That's what the representative said from the er m the car transporter company was that they they just couldn't any longer use British Rail because i the said;although;British Rail are willing to compensate it's delay of deliveries.;discourse;anyway;anyway;and;and;and;and;and;and;and;and;and;anyway;and;and;and;and;and;anyway;anyway;anyway;anyway;anyway;anyway;anyway;anyway;and;and;anyway;anyway;and;and;and;promised;anyway;anyway;anyway;anyway;want;want;anyway;anyway;anyway
And then ER ... but;oddly;enough , though , I remem ... my ... my mom tells stories .;commentary;and;and;and;and;and;and;and;and;and;and;and;and;and;and;and;and;and;and;and;and;and;and;and;and;and;and;and;and;and;and;and;and;and;and;and;and;and;and;and;and;and;and
You weren't actually on on this I;think;he needs two illustrations that's right yeah so don't don't.;basic;anyway;anyway;anyway;anyway;anyway;anyway;anyway;anyway;anyway;anyway;anyway;anyway;anyway;anyway;anyway;anyway;anyway;anyway;anyway;anyway;anyway;anyway;anyway;anyway;anyway;anyway;anyway;anyway;anyway;anyway;anyway;anyway;anyway;anyway;anyway;anyway;anyway;now;now;anyway;anyway;anyway
I just thought the timing of it was , like , so perfect that it was honestly comedic because I was like , ';ok;, I 've purposely not told anyone on this team because I do n't wanna ny ... embarrass myself in a professional environment because I already do that enough online . ' .;parallel;anyway;anyway;anyway;anyway;anyway;anyway;anyway;anyway;anyway;anyway;anyway;anyway;anyway;anyway;anyway;anyway;anyway;anyway;anyway;anyway;anyway;anyway;anyway;anyway;anyway;anyway;anyway;anyway;anyway;anyway;anyway;anyway;anyway;anyway;anyway;anyway;anyway;want;now;certainly;certainly;certainly
Something done a robbery at nine thirty two precisely your;honour;a lady did er actually walk out of next door's house.;parallel;anyway;anyway;anyway;anyway;anyway;anyway;anyway;anyway;anyway;anyway;anyway;anyway;anyway;anyway;anyway;anyway;anyway;anyway;anyway;anyway;anyway;anyway;anyway;anyway;anyway;anyway;anyway;anyway;anyway;anyway;anyway;anyway;anyway;anyway;anyway;anyway;anyway;now;now;anyway;anyway;anyway
Everybody can look at a graph of the stock;and;get a sense of what it 's doing .;discourse;and;and;and;anyway;anyway;anyway;anyway;anyway;anyway;anyway;anyway;anyway;and;anyway;anyway;anyway;anyway;anyway;anyway;anyway;anyway;anyway;anyway;anyway;and;and;anyway;anyway;anyway;anyway;and;anyway;anyway;anyway;anyway;anyway;anyway;now;now;now;now;certainly
Now , ER as I said , there are places that they;certainly;have tremendous ... in ... in the art , the theater , and the arts , and wherever their qualities are , they ... they ... they give us a tremendous ER ER wonderful ... we ... we , you mj ... enjoy going to see the arts and the ER theater , ER the ballet , wherever they may be in .;commentary;and;and;and;and;and;and;and;and;and;anyway;anyway;anyway;and;and;and;and;anyway;anyway;anyway;anyway;anyway;anyway;anyway;anyway;and;and;and;anyway;anyway;and;and;anyway;anyway;anyway;anyway;anyway;anyway;now;now;now;now;now
I would point out , however , that ... that it is n ... ER even this pro ... project ,;although;it 's clearly ER uncomfortable , not quite as serious as it looks .;discourse;anyway;anyway;anyway;anyway;anyway;anyway;anyway;anyway;anyway;anyway;anyway;anyway;anyway;anyway;anyway;anyway;anyway;anyway;admittedly;anyway;anyway;anyway;anyway;anyway;anyway;anyway;anyway;anyway;anyway;anyway;anyway;anyway;anyway;anyway;anyway;admittedly;anyway;now;certainly;certainly;certainly;certainly
And then I ... I shot on it for , like , about a couple of weekends and thought , ';well;, hell , film is kind of cheap . ' , and everything like that .;parallel;and;and;and;and;and;and;and;and;and;and;and;and;and;and;and;and;and;and;anyway;and;and;and;and;and;and;and;and;and;and;and;and;and;and;and;and;anyway;and;want;now;now;now;and
You don't we were u we had to use the immersion didn't we cos w we moved in in the June and Lofty and Brian said;well;don't have it done cos you're not gonna use until August so we they did it August time for us so but we didn't use Ser vow arm cos it had blown up they just disconnected it for us so we used the ho the immersion heater.;parallel;anyway;anyway;anyway;anyway;anyway;anyway;anyway;anyway;anyway;anyway;anyway;anyway;anyway;anyway;anyway;anyway;anyway;anyway;anyway;anyway;anyway;anyway;anyway;anyway;anyway;anyway;anyway;anyway;anyway;anyway;anyway;anyway;anyway;anyway;anyway;anyway;anyway;now;now;now;now;now
And the fiscal bureau , which is basically the ... the people that help us with our budget ,;ok;, they are non-partisan .;parallel;and;and;and;and;and;and;and;and;and;and;and;and;and;and;and;and;and;and;anyway;anyway;anyway;anyway;anyway;and;and;and;and;and;and;and;and;and;anyway;anyway;anyway;anyway;anyway;now;now;now;now;now
And it 'll be very interesting to see what the Democrats do to harness that energy , and start putting it out there because we are ... they are so limited , whereas Donald Trump ,;frankly;, has been campaigning and started his c ... his campaign the day after he was inaugurated .;commentary;and;and;and;and;anyway;anyway;anyway;anyway;anyway;anyway;anyway;anyway;and;anyway;anyway;anyway;anyway;anyway;anyway;anyway;anyway;anyway;anyway;anyway;and;and;and;anyway;anyway;and;and;anyway;anyway;anyway;anyway;anyway;anyway;now;now;now;now;certainly
it's completely anonymous number you know it's only to be on that said I'll wipe it off then you bloody well won't I think he wants to tell people before he can say very wrong could say something personal if it was personal no longer it no you weren't personal to you but I'm quite happy to arrange it if you wish nonono no no I shouldn't have to tell you not to take my points in full there we go it's driving me doing that in the factory having without people's permission I;want;to know I ask permission if I'd er wanted to as a without being asked to do it I would of gone and seen personnel and asked I would not of dreamed of doing it in a work's situation unless I was asked say anything personal I'd turned it off not that it apart from me and Stuart.;basic;anyway;anyway;anyway;anyway;anyway;anyway;anyway;anyway;anyway;anyway;anyway;anyway;anyway;anyway;anyway;anyway;anyway;anyway;anyway;anyway;anyway;anyway;anyway;anyway;anyway;anyway;anyway;anyway;anyway;anyway;anyway;anyway;anyway;anyway;anyway;anyway;anyway;want;now;now;now;now
The office procedures she said is simple;anyway;and yet ethics and etiquette is a she said and your teacher works you that hard and it just drills in.;discourse;and;and;and;and;and;and;and;and;and;and;and;and;and;and;and;and;and;and;admittedly;and;and;and;and;and;and;and;and;and;and;and;and;and;and;and;and;admittedly;and;now;now;now;certainly;certainly
Well look , the U.S. is already;incredibly;vulnerable because of who Trump is as president , and the choices he 's made .;commentary;and;and;and;and;and;anyway;and;anyway;anyway;anyway;anyway;anyway;and;and;and;anyway;anyway;anyway;anyway;anyway;anyway;anyway;anyway;anyway;and;and;anyway;anyway;anyway;and;and;anyway;anyway;anyway;anyway;anyway;anyway;now;now;now;now;now
That's right yeah yeah Yes our first tour was five it was supposed to be four but we er me r for some reason or other we didn't really want to come home ha four;so;we stretched to three.;discourse;anyway;anyway;anyway;anyway;anyway;anyway;anyway;anyway;anyway;anyway;anyway;anyway;anyway;anyway;anyway;anyway;anyway;anyway;anyway;anyway;anyway;anyway;anyway;anyway;anyway;anyway;anyway;anyway;anyway;anyway;anyway;anyway;anyway;anyway;anyway;anyway;anyway;want;want;want;want;want
When they put a new roof on I think they pinched the ledge round the chimney er and it comes through there;so;we've had a lot to do.;discourse;anyway;anyway;anyway;anyway;anyway;anyway;anyway;anyway;anyway;anyway;anyway;anyway;anyway;anyway;anyway;anyway;anyway;anyway;anyway;anyway;anyway;anyway;anyway;anyway;anyway;anyway;anyway;anyway;anyway;anyway;anyway;anyway;anyway;anyway;anyway;anyway;anyway;want;now;now;now;certainly
And that 's amazing to us because it means you can lose ... not only can the rent roles get worse , which I;think;they will , but you could lose because rates go up , ER or you could lose because spreads widen out , ER or all three .;basic;anyway;anyway;anyway;anyway;anyway;anyway;anyway;anyway;anyway;anyway;anyway;anyway;anyway;anyway;anyway;anyway;anyway;anyway;anyway;anyway;anyway;anyway;anyway;anyway;anyway;anyway;anyway;anyway;anyway;anyway;anyway;anyway;anyway;anyway;anyway;anyway;anyway;now;now;certainly;certainly;certainly
If you 're gonna do Trixie for Halloween ,;please;go out at night , not daytime .;basic;anyway;anyway;anyway;anyway;anyway;anyway;anyway;anyway;anyway;anyway;anyway;anyway;anyway;anyway;anyway;anyway;anyway;anyway;anyway;anyway;anyway;anyway;anyway;anyway;anyway;anyway;anyway;anyway;anyway;anyway;anyway;anyway;anyway;anyway;anyway;anyway;anyway;want;anyway;anyway;anyway;anyway
And that 's when I knew , like ,;ok;, it 's not just me .;parallel;and;and;and;anyway;anyway;anyway;anyway;anyway;anyway;anyway;anyway;anyway;and;anyway;anyway;anyway;anyway;anyway;anyway;anyway;anyway;anyway;anyway;anyway;and;and;anyway;anyway;anyway;anyway;anyway;anyway;anyway;anyway;anyway;anyway;anyway;now;now;now;now;certainly
And I ;think;the President will just go doing what he 's doing .;basic;and;and;and;and;and;and;and;and;and;and;and;and;and;and;and;and;and;and;and;and;and;and;and;and;and;and;and;and;and;and;and;and;and;and;and;and;and;and;and;and;and;and
Yeah;well;you have before you had an immersion heater didn't you.;parallel;;;;;;;;;;;;;;;;;;;;;;;;;;;;;;;;;;;;;;anyway;anyway;anyway;anyway;anyway
And in that , frankly , I do n't find him linguistically challenged as much as just somebody who 's rather;oddly;adolescent for somebody who 's a senior citizen .;commentary;and;and;and;and;and;and;and;and;and;and;and;and;and;and;and;and;and;and;anyway;anyway;and;and;and;and;and;and;and;and;and;and;and;and;and;anyway;anyway;anyway;anyway;now;now;certainly;admittedly;admittedly
Two sugars;please;dear yeah.;basic;and;and;and;and;and;and;and;and;and;and;and;and;and;and;and;and;and;and;and;and;and;and;and;and;and;and;and;and;and;and;and;and;and;and;and;and;and;and;and;and;and;and
And I ;think;he did an amazing job .;basic;and;and;and;and;and;and;and;and;and;and;and;and;and;and;and;and;and;and;and;and;and;and;and;and;and;and;and;and;and;and;and;and;and;and;and;and;and;and;and;and;and;and
And while he had all the information in the world , ER perhaps it was a little more ER ... an addition to ,;well;, what he would hear in any other way .;parallel;anyway;anyway;anyway;anyway;anyway;anyway;anyway;anyway;anyway;anyway;anyway;anyway;anyway;anyway;anyway;anyway;anyway;anyway;anyway;anyway;anyway;anyway;anyway;anyway;anyway;anyway;anyway;anyway;anyway;anyway;anyway;anyway;anyway;anyway;anyway;anyway;anyway;now;certainly;certainly;certainly;certainly
I just like I just like I know places like I was told when I was meeting the girls yesterday I didn't know what road I was going on I was just telling like people names of the pub s and;luckily;this like bloke behind me getting on the bus said oh you need a like a seventy P or something and that's when I knew where I was going and everyone's like telling me where to get off everyone gestures to me.;commentary;and;and;and;anyway;anyway;anyway;anyway;anyway;anyway;anyway;anyway;anyway;and;anyway;anyway;anyway;anyway;anyway;anyway;anyway;anyway;anyway;anyway;anyway;and;and;anyway;anyway;anyway;and;and;promised;promised;anyway;anyway;anyway;anyway;want;want;want;want;want
Yes Geraldine;certainly;implied that it had been a jolly hard time.;commentary;anyway;anyway;anyway;anyway;anyway;anyway;anyway;anyway;anyway;anyway;anyway;anyway;anyway;anyway;anyway;anyway;anyway;anyway;anyway;anyway;anyway;anyway;anyway;anyway;anyway;anyway;anyway;anyway;anyway;anyway;anyway;anyway;anyway;anyway;anyway;anyway;anyway;now;anyway;anyway;anyway;certainly
And I think th ... also ... just to follow up on that , it 's how ... the Democrats;certainly;have a bigger challenge in that they will have to ... a lot mo ... they wanna cover a lot more with a lot more people whereas , I think , the Republicans will have a Trump-centric convention .;commentary;and;and;and;and;and;and;and;anyway;anyway;anyway;anyway;anyway;and;and;and;anyway;anyway;anyway;anyway;anyway;anyway;anyway;anyway;anyway;and;and;and;anyway;anyway;and;and;anyway;anyway;anyway;anyway;anyway;anyway;want;now;now;now;certainly
There you go I;think;with everything you you you can't get too many details can you.;basic;anyway;anyway;anyway;anyway;anyway;anyway;anyway;anyway;anyway;anyway;anyway;anyway;anyway;anyway;anyway;anyway;anyway;anyway;anyway;anyway;anyway;anyway;anyway;anyway;anyway;anyway;anyway;anyway;anyway;anyway;anyway;anyway;anyway;anyway;anyway;anyway;anyway;now;now;now;now;now
nd they were shocked when I said I ;want;to buy a seat .;basic;and;and;and;and;and;and;and;and;and;and;and;anyway;and;and;and;and;and;anyway;promised;promised;promised;anyway;anyway;anyway;and;and;and;anyway;anyway;and;and;promised;promised;anyway;promised;promised;anyway;want;now;anyway;anyway;anyway
well she thought it was a bit peculiar then;luckily;she either got Mr or Ms Thomas.;commentary;anyway;anyway;anyway;anyway;anyway;anyway;anyway;anyway;anyway;anyway;anyway;anyway;anyway;anyway;anyway;anyway;anyway;anyway;anyway;anyway;anyway;anyway;anyway;anyway;anyway;anyway;anyway;anyway;anyway;anyway;anyway;anyway;anyway;anyway;anyway;anyway;anyway;now;now;now;certainly;certainly
Would you;please;stop.;basic;now;now;anyway;anyway;anyway;anyway;anyway;anyway;anyway;anyway;anyway;anyway;anyway;anyway;anyway;anyway;anyway;anyway;promise;promise;promise;promise;anyway;anyway;now;anyway;anyway;anyway;anyway;anyway;now;promise;promise;anyway;promise;promise;anyway;now;now;now;now;now
Well , what I would like to see first ,;frankly;, is scour for every , T. seventy two , T. sixty four , T.A.E. that might be in the arsenals of NATO countries still .;commentary;anyway;anyway;anyway;anyway;anyway;anyway;anyway;anyway;anyway;anyway;anyway;anyway;anyway;anyway;anyway;anyway;anyway;anyway;anyway;anyway;anyway;anyway;anyway;anyway;anyway;anyway;anyway;anyway;anyway;anyway;anyway;anyway;anyway;anyway;anyway;anyway;anyway;want;now;now;certainly;certainly
So;although;this is a meteorological phenomenon , it 's happening against the backdrop of a changing climate .;discourse;so;so;so;so;so;so;so;so;so;so;so;so;so;so;so;so;so;so;so;so;so;so;so;so;so;so;so;so;so;so;so;so;so;so;so;so;so;so;so;so;so;so
And I ;think;that 's our difficulty in leadership .;basic;and;and;and;and;and;and;and;and;and;and;and;and;and;and;and;and;and;and;and;and;and;and;and;and;and;and;and;and;and;and;and;and;and;and;and;and;and;and;and;and;and;and
And I ;think;th ... also ... just to follow up on that , it 's how ... the Democrats certainly have a bigger challenge in that they will have to ... a lot mo ... they wanna cover a lot more with a lot more people whereas , I think , the Republicans will have a Trump-centric convention .;basic;and;and;and;and;and;and;and;and;and;and;and;and;and;and;and;and;and;and;and;and;and;and;and;and;and;and;and;and;and;and;and;and;and;and;and;and;and;and;and;and;and;and
And I think we need to height en sharpen our awareness of er m what I understand by communion;and;er er also to er to remember that the injunction of Paul as he was you know that I have received of the Lord at which I deliver unto you.;discourse;and;and;and;and;and;and;and;and;and;and;and;and;and;and;and;and;and;and;anyway;anyway;anyway;anyway;anyway;and;and;and;and;anyway;and;and;and;and;anyway;anyway;anyway;anyway;anyway;want;now;now;now;promise
And I ;think;there are some people for whom that is true , who are at risk of falling into fatalism and despair .;basic;and;and;and;and;and;and;and;and;and;and;and;and;and;and;and;and;and;and;and;and;and;and;and;and;and;and;and;and;and;and;and;and;and;and;and;and;and;and;and;and;and;and
And I ;think;the ... the product of Tesla has always been first-rate , has been the narrative .;basic;and;and;and;and;and;and;and;and;and;and;and;and;and;and;and;and;and;and;and;and;and;and;and;and;and;and;and;and;and;and;and;and;and;and;and;and;and;and;and;and;and;and
And ER I ...;think;there 's a ... there 's a human need for that .;basic;and;and;and;and;and;and;and;and;and;and;and;and;and;and;and;and;and;and;and;and;and;and;and;and;and;and;and;and;and;and;and;and;and;and;and;and;and;and;and;and;and;and
She wants those children to taste good food , and;certainly;her son .;commentary;and;and;and;and;and;and;and;and;and;and;and;and;and;and;and;and;and;and;promised;and;and;and;and;and;and;and;and;and;and;and;and;and;and;and;and;promised;and;want;and;and;and;and
Chrissy ,;please;demonstrate the proper way to use the pom pom .;basic;;;;;;;;;;;;;;;;;;;;;;;;;;;;;;;;;;;;;;anyway;anyway;anyway;anyway;anyway
She said;well;you've pulled half your dancers and they're such good dancers what's happened.;parallel;anyway;anyway;anyway;anyway;anyway;anyway;anyway;anyway;anyway;anyway;anyway;anyway;anyway;anyway;anyway;anyway;anyway;anyway;anyway;anyway;anyway;anyway;anyway;anyway;anyway;anyway;anyway;anyway;anyway;anyway;anyway;anyway;anyway;anyway;anyway;anyway;anyway;now;now;anyway;anyway;anyway
And the peop ... and in the space of ,;well;, t ... couple of years , they were ER burning people up;parallel;and;and;and;and;and;and;and;and;and;and;and;and;and;and;and;and;and;and;and;and;and;and;and;and;and;and;and;and;and;and;and;and;and;and;and;and;and;and;and;and;and;and
I think what we'll do is hear each of those three presentation s and then I will allow a time for comment especially discussion after each I will limit that to make sure we get time for all;so;that's that's the way we're going to do it.;discourse;anyway;anyway;anyway;anyway;anyway;anyway;anyway;anyway;anyway;anyway;anyway;anyway;anyway;anyway;anyway;anyway;anyway;anyway;anyway;anyway;anyway;anyway;anyway;anyway;anyway;anyway;anyway;anyway;anyway;anyway;anyway;anyway;anyway;anyway;anyway;anyway;anyway;want;want;want;want;want
Especially this one it does say it will have to be a bloody great stallion wouldn't it but er I;think;it will be quite enjoyable.;basic;certainly;certainly;certainly;certainly;certainly;anyway;anyway;anyway;anyway;admittedly;admittedly;admittedly;certainly;certainly;anyway;anyway;admittedly;admittedly;anyway;anyway;anyway;anyway;admittedly;admittedly;certainly;certainly;certainly;anyway;admittedly;anyway;anyway;anyway;anyway;anyway;anyway;anyway;anyway;certainly;certainly;certainly;certainly;certainly
And in that ,;frankly;, I do n't find him linguistically challenged as much as just somebody who 's rather oddly adolescent for somebody who 's a senior citizen .;commentary;and;and;and;and;and;and;and;and;and;and;and;and;and;and;and;and;and;and;and;and;and;and;and;and;and;and;and;and;and;and;and;and;and;and;and;and;and;now;and;and;and;and
Come on car don't start playing on me;now;when I want to get home.;parallel;want;anyway;anyway;anyway;anyway;anyway;anyway;anyway;anyway;anyway;anyway;anyway;anyway;anyway;anyway;anyway;anyway;anyway;promised;anyway;anyway;anyway;anyway;anyway;want;anyway;anyway;anyway;anyway;anyway;anyway;anyway;promised;anyway;promised;promised;anyway;want;want;want;want;want
Words;certainly;do go out you forget when you go to use a word that hasn't been in use sometime and the younger person says to you what does that mean.;commentary;anyway;anyway;anyway;anyway;anyway;anyway;anyway;anyway;anyway;anyway;anyway;anyway;anyway;anyway;anyway;anyway;anyway;anyway;anyway;anyway;anyway;anyway;anyway;anyway;anyway;anyway;anyway;anyway;anyway;anyway;anyway;anyway;anyway;anyway;anyway;anyway;anyway;now;now;now;anyway;anyway
And then ... like ,;ok;", first of all , I know the criticisms against "" Crime Junkies "" .";parallel;and;and;and;and;and;and;and;and;and;and;and;and;and;and;and;and;and;and;and;and;and;and;and;and;and;and;and;and;and;and;and;and;and;and;and;and;and;want;now;now;now;now
As soon as she comes back I;promise;I'll ask her.;basic;anyway;anyway;anyway;anyway;anyway;anyway;anyway;anyway;anyway;anyway;anyway;anyway;anyway;anyway;anyway;anyway;anyway;anyway;anyway;anyway;anyway;anyway;anyway;anyway;anyway;anyway;anyway;anyway;anyway;anyway;anyway;anyway;anyway;anyway;anyway;anyway;anyway;now;now;now;now;now
So , consequence is that people are more likely to say , ' Oh ,;well;, it 's not a masterpiece apparently .But they say it 's quite interesting . ' .;parallel;anyway;anyway;anyway;anyway;anyway;anyway;anyway;anyway;anyway;anyway;anyway;anyway;anyway;anyway;anyway;anyway;anyway;anyway;anyway;anyway;anyway;admittedly;admittedly;anyway;anyway;anyway;anyway;anyway;anyway;anyway;admittedly;anyway;anyway;anyway;anyway;admittedly;anyway;now;certainly;certainly;certainly;certainly
"And after listening to a few episodes of "" Park Predators "" , I was like , ' Wow , I never wanna go to a national park again if I am alone . ' because apparently ,";well;, yes , it 's true .;parallel;anyway;and;and;anyway;anyway;anyway;anyway;anyway;anyway;anyway;anyway;anyway;and;anyway;anyway;anyway;anyway;anyway;anyway;anyway;anyway;anyway;anyway;anyway;anyway;and;anyway;anyway;anyway;anyway;and;anyway;anyway;anyway;anyway;anyway;anyway;want;now;now;certainly;certainly
She would be sitting in the corner saying , ';Please;, nobody look at me . ' [Oh] [.] .;basic;anyway;anyway;anyway;anyway;anyway;anyway;anyway;anyway;anyway;anyway;anyway;anyway;anyway;anyway;anyway;anyway;anyway;anyway;anyway;anyway;anyway;anyway;anyway;anyway;anyway;anyway;anyway;anyway;anyway;anyway;anyway;anyway;anyway;anyway;anyway;anyway;anyway;now;now;now;now;now
I know and for some reason I was;incredibly;pissed.;commentary;;;;;;;;;;;;;;;;;;;;;;;;;;;;;;;;;;;;;;and;and;and;and;and
here 're ... ER Sweden 's a permanent observer because ,;although;it does n't have ER a coast on ER the Arctic , it ... it 's up there .;discourse;and;and;and;and;and;and;and;and;and;and;and;and;and;and;and;and;and;and;and;and;and;and;and;and;and;and;and;and;and;and;and;and;anyway;and;and;and;and;and;and;and;and;and
And I ... What I ;want;to do today is to talk about this carbon dioxide problem .	;basic;and;and;and;and;and;and;and;and;and;and;and;and;and;and;and;and;and;and;and;and;and;and;and;and;and;and;and;and;and;and;and;and;and;and;and;and;and;now;now;and;and;and
And ER essentially Johnny is still bothered by it because he keeps seeing Daniel's billboards all over town and his commercials because;now;Daniel is a successful car dealership owner .;parallel;and;and;and;and;and;and;and;and;and;and;and;and;and;and;and;and;and;and;admittedly;anyway;and;and;and;and;and;and;and;and;and;and;and;and;anyway;anyway;anyway;admittedly;and;now;now;now;certainly;admittedly
I stand here I am not a perfect minister because I am over forty I've got children that are not too awkward but er m could be awkward;and;I haven't a spouse ah and ah I stand here saying that I'm not good at everything I'm good with young people I'm not o only good with old people I try to do my best.;discourse;and;and;and;and;and;and;and;and;and;anyway;anyway;anyway;and;and;and;and;anyway;anyway;anyway;anyway;anyway;anyway;anyway;anyway;and;and;and;anyway;anyway;and;and;anyway;anyway;anyway;anyway;anyway;anyway;want;now;certainly;certainly;certainly
And then;luckily;, understanding and ER better health care all helped people who had H.I.V. be ... get back to living normal lives and incorporated with everybody .;commentary;and;and;and;and;and;and;and;and;and;and;and;and;and;and;and;and;and;and;and;and;and;and;and;and;and;and;and;and;and;and;and;and;and;and;and;and;and;and;and;and;and;and
And I ;think;it 's gonna take bi-partisan cooperation .;basic;and;and;and;and;and;and;and;and;and;and;and;and;and;and;and;and;and;and;and;and;and;and;and;and;and;and;and;and;and;and;and;and;and;and;and;and;and;and;and;and;and;and
And even when they came in and told us that she was gone , I said , ';well;, that 's your opinion . Can I just go see her ? ' .;parallel;and;and;and;anyway;anyway;anyway;anyway;anyway;anyway;anyway;anyway;anyway;and;anyway;anyway;anyway;anyway;anyway;anyway;anyway;anyway;anyway;anyway;anyway;and;and;anyway;anyway;anyway;anyway;anyway;anyway;anyway;anyway;anyway;anyway;anyway;now;now;now;now;now
It 's ... it 's the only thing ,;frankly;... ER some Republicans will be able to ... to use right now .;commentary;and;and;and;and;anyway;anyway;anyway;anyway;anyway;anyway;anyway;anyway;and;anyway;anyway;anyway;anyway;anyway;anyway;anyway;anyway;anyway;anyway;anyway;and;and;anyway;anyway;anyway;anyway;anyway;anyway;anyway;anyway;anyway;anyway;anyway;now;now;now;now;now
